{
    "_vcs_unit__1695841541": [
        "_vcs_unit__1695841541",
        "JFTbq",
        "module",
        1
    ],
    "std": [
        "std",
        "reYIK",
        "module",
        2
    ],
    "rrarbiter": [
        "rrarbiter",
        "zik1R",
        "module",
        3
    ],
    "rrarbiter_intf": [
        "rrarbiter_intf",
        "AvEUy",
        "module",
        4
    ],
    "test": [
        "test",
        "x9Hvb",
        "module",
        5
    ],
    "top": [
        "top",
        "Emx8S",
        "module",
        6
    ],
    "...MASTER...": [
        "SIM",
        "amcQw",
        "module",
        7
    ]
}